{"accuracy": [0.8366028666496277, 0.9060957431793213, 0.9317732453346252, 0.9459563493728638, 0.9566967487335205, 0.9618892073631287, 0.9678497910499573, 0.9710505604743958, 0.9743794202804565, 0.9781065583229065], "loss": [0.5299460887908936, 0.2937038838863373, 0.20699265599250793, 0.16138285398483276, 0.12986479699611664, 0.11370003968477249, 0.09493254125118256, 0.08412206172943115, 0.07429356127977371, 0.0625726506114006], "val_accuracy": [0.7517072558403015, 0.7723082304000854, 0.7818688750267029, 0.7871044874191284, 0.7926815152168274, 0.7864215970039368, 0.7898930311203003, 0.7986569404602051, 0.7777714729309082, 0.7870475649833679], "val_loss": [0.8701109886169434, 0.7686768174171448, 0.7173293232917786, 0.6930657625198364, 0.6669480800628662, 0.6972676515579224, 0.7003648281097412, 0.6592509150505066, 0.7506099343299866, 0.7179259061813354]}